Horodate,Type_de_releve,Ville,EAS_F1,EAS_F2,EAS_F3,EAS_F4,EAS_F5,EAS_F6,EAS_F7,EAS_F8,EAS_F9,EAS_F10,EAS_D1,EAS_D2,EAS_D3,EAS_D4,EAS_T
2023-02-22T00:00:00+01:00,Arrêté quotidien,Paris,145066720,,,,,,,,,,72374646,40008423,5923180,26760471,145066720
2023-02-23T00:00:00+01:00,Arrêté quotidien,Paris,145148317,,,,,,,,,,72374646,40008423,5939083,26826165,145148317
2021-10-01T00:00:00+02:00,Arrêté quotidien,Bordeaux,104367672,,,,,,,,,,68225155,24305485,1911300,9925732,104367672
2021-10-02T00:00:00+02:00,Arrêté quotidien,Bordeaux,104459968,,,,,,,,,,68247657,24375279,1911300,9925732,104459968
2021-10-03T00:00:00+02:00,Arrêté quotidien,Bordeaux,104522489,,,,,,,,,,68262696,24422761,1911300,9925732,104522489
2021-10-04T00:00:00+02:00,Arrêté quotidien,Bordeaux,104576122,,,,,,,,,,68278089,24461001,1911300,9925732,104576122
2021-10-05T00:00:00+02:00,Arrêté quotidien,Bordeaux,104671251,,,,,,,,,,68293111,24541108,1911300,9925732,104671251
2021-10-06T00:00:00+02:00,Arrêté quotidien,Bordeaux,104757105,,,,,,,,,,68308730,24611343,1911300,9925732,104757105
2021-10-07T00:00:00+02:00,Arrêté quotidien,Bordeaux,104857424,,,,,,,,,,68325532,24694860,1911300,9925732,104857424
2021-10-08T00:00:00+02:00,Arrêté quotidien,Bordeaux,104956863,,,,,,,,,,68343654,24776177,1911300,9925732,104956863
2021-10-09T00:00:00+02:00,Arrêté quotidien,Bordeaux,105049394,,,,,,,,,,68358914,24853448,1911300,9925732,105049394
2021-10-10T00:00:00+02:00,Arrêté quotidien,Bordeaux,105124326,,,,,,,,,,68373626,24913668,1911300,9925732,105124326
2021-10-11T00:00:00+02:00,Arrêté quotidien,Bordeaux,105190754,,,,,,,,,,68388792,24964930,1911300,9925732,105190754
2021-10-12T00:00:00+02:00,Arrêté quotidien,Bordeaux,105288436,,,,,,,,,,68404020,25047384,1911300,9925732,105288436
2021-10-13T00:00:00+02:00,Arrêté quotidien,Bordeaux,105388275,,,,,,,,,,68419818,25131425,1911300,9925732,105388275
2021-10-14T00:00:00+02:00,Arrêté quotidien,Bordeaux,105486021,,,,,,,,,,68435847,25213142,1911300,9925732,105486021
2021-10-15T00:00:00+02:00,Arrêté quotidien,Bordeaux,105592009,,,,,,,,,,68458491,25296486,1911300,9925732,105592009
2021-10-16T00:00:00+02:00,Arrêté quotidien,Bordeaux,105685413,,,,,,,,,,68479162,25369219,1911300,9925732,105685413
2021-10-17T00:00:00+02:00,Arrêté quotidien,Bordeaux,105755387,,,,,,,,,,68491622,25426733,1911300,9925732,105755387
2021-10-18T00:00:00+02:00,Arrêté quotidien,Bordeaux,105818822,,,,,,,,,,68505161,25476629,1911300,9925732,105818822
2021-10-19T00:00:00+02:00,Arrêté quotidien,Bordeaux,105910287,,,,,,,,,,68518089,25555166,1911300,9925732,105910287
2021-10-20T00:00:00+02:00,Arrêté quotidien,Bordeaux,105994298,,,,,,,,,,68530769,25626497,1911300,9925732,105994298
2021-10-21T00:00:00+02:00,Arrêté quotidien,Bordeaux,106077731,,,,,,,,,,68545598,25695101,1911300,9925732,106077731
2021-10-22T00:00:00+02:00,Arrêté quotidien,Bordeaux,106162330,,,,,,,,,,68562160,25763138,1911300,9925732,106162330
2021-10-23T00:00:00+02:00,Arrêté quotidien,Bordeaux,106245487,,,,,,,,,,68574370,25834085,1911300,9925732,106245487
2021-10-24T00:00:00+02:00,Arrêté quotidien,Bordeaux,106311903,,,,,,,,,,68586628,25888243,1911300,9925732,106311903
2021-10-25T00:00:00+02:00,Arrêté quotidien,Bordeaux,106370931,,,,,,,,,,68598829,25935070,1911300,9925732,106370931
2021-10-26T00:00:00+02:00,Arrêté quotidien,Bordeaux,106453634,,,,,,,,,,68611560,26005042,1911300,9925732,106453634
2021-10-27T00:00:00+02:00,Arrêté quotidien,Bordeaux,106536969,,,,,,,,,,68623672,26076265,1911300,9925732,106536969
2021-10-28T00:00:00+02:00,Arrêté quotidien,Bordeaux,106622900,,,,,,,,,,68635405,26150463,1911300,9925732,106622900
2021-10-29T00:00:00+02:00,Arrêté quotidien,Bordeaux,106714788,,,,,,,,,,68649651,26228105,1911300,9925732,106714788
2021-10-30T00:00:00+02:00,Arrêté quotidien,Bordeaux,106799857,,,,,,,,,,68662112,26300713,1911300,9925732,106799857
2021-10-31T00:00:00+02:00,Arrêté quotidien,Bordeaux,106860058,,,,,,,,,,68674870,26348156,1911300,9925732,106860058
2021-10-31T23:00:00+01:00,Arrêté quotidien,Bordeaux,106860058,,,,,,,,,,68674870,26348156,1911300,9925732,106860058
2021-11-01T23:00:00+01:00,Arrêté quotidien,Bordeaux,106915772,,,,,,,,,,68688136,26390604,1911300,9925732,106915772
2021-11-02T23:00:00+01:00,Arrêté quotidien,Bordeaux,106983973,,,,,,,,,,68688136,26390604,1924249,9980984,106983973
2021-11-03T23:00:00+01:00,Arrêté quotidien,Bordeaux,107075466,,,,,,,,,,68688136,26390604,1940557,10056169,107075466
2021-11-04T23:00:00+01:00,Arrêté quotidien,Bordeaux,107163690,,,,,,,,,,68688136,26390604,1952863,10132087,107163690
2021-11-05T23:00:00+01:00,Arrêté quotidien,Bordeaux,107261096,,,,,,,,,,68688136,26390604,1967968,10214388,107261096
2021-11-06T23:00:00+01:00,Arrêté quotidien,Bordeaux,107362794,,,,,,,,,,68688136,26390604,1982513,10301541,107362794
2021-11-07T23:00:00+01:00,Arrêté quotidien,Bordeaux,107435792,,,,,,,,,,68688136,26390604,1995912,10361140,107435792
2021-11-08T23:00:00+01:00,Arrêté quotidien,Bordeaux,107496972,,,,,,,,,,68688136,26390604,2009232,10409000,107496972
2021-11-09T23:00:00+01:00,Arrêté quotidien,Bordeaux,107593890,,,,,,,,,,68688136,26390604,2023290,10491860,107593890
2021-11-10T23:00:00+01:00,Arrêté quotidien,Bordeaux,107692982,,,,,,,,,,68688136,26390604,2039652,10574590,107692982
2021-11-11T23:00:00+01:00,Arrêté quotidien,Bordeaux,107783994,,,,,,,,,,68688136,26390604,2054057,10651197,107783994
2021-11-12T23:00:00+01:00,Arrêté quotidien,Bordeaux,107868646,,,,,,,,,,68688136,26390604,2073098,10716808,107868646
2021-11-13T23:00:00+01:00,Arrêté quotidien,Bordeaux,107961429,,,,,,,,,,68688136,26390604,2092758,10789931,107961429
2021-11-14T23:00:00+01:00,Arrêté quotidien,Bordeaux,108031627,,,,,,,,,,68688136,26390604,2106785,10846102,108031627
2021-11-15T23:00:00+01:00,Arrêté quotidien,Bordeaux,108087331,,,,,,,,,,68688136,26390604,2120820,10887771,108087331
2021-11-16T23:00:00+01:00,Arrêté quotidien,Bordeaux,108175093,,,,,,,,,,68688136,26390604,2134205,10962148,108175093
2021-11-17T23:00:00+01:00,Arrêté quotidien,Bordeaux,108269644,,,,,,,,,,68688136,26390604,2150001,11040903,108269644
2021-11-18T23:00:00+01:00,Arrêté quotidien,Bordeaux,108356794,,,,,,,,,,68688136,26390604,2162514,11115540,108356794
2021-11-19T23:00:00+01:00,Arrêté quotidien,Bordeaux,108454764,,,,,,,,,,68688136,26390604,2176954,11199070,108454764
2021-11-20T23:00:00+01:00,Arrêté quotidien,Bordeaux,108543812,,,,,,,,,,68688136,26390604,2189921,11275151,108543812
2021-11-21T23:00:00+01:00,Arrêté quotidien,Bordeaux,108606409,,,,,,,,,,68688136,26390604,2201786,11325883,108606409
2021-11-22T23:00:00+01:00,Arrêté quotidien,Bordeaux,108671796,,,,,,,,,,68688136,26390604,2213409,11379647,108671796
2021-11-23T23:00:00+01:00,Arrêté quotidien,Bordeaux,108765305,,,,,,,,,,68688136,26390604,2225922,11460643,108765305
2021-11-24T23:00:00+01:00,Arrêté quotidien,Bordeaux,108856330,,,,,,,,,,68688136,26390604,2242134,11535456,108856330
2021-11-25T23:00:00+01:00,Arrêté quotidien,Bordeaux,108945059,,,,,,,,,,68688136,26390604,2254808,11611511,108945059
2021-11-26T23:00:00+01:00,Arrêté quotidien,Bordeaux,109036973,,,,,,,,,,68688136,26390604,2268595,11689638,109036973
2021-11-27T23:00:00+01:00,Arrêté quotidien,Bordeaux,109130301,,,,,,,,,,68688136,26390604,2282054,11769507,109130301
2021-11-28T23:00:00+01:00,Arrêté quotidien,Bordeaux,109201946,,,,,,,,,,68688136,26390604,2295822,11827384,109201946
2021-11-29T23:00:00+01:00,Arrêté quotidien,Bordeaux,109263029,,,,,,,,,,68688136,26390604,2308954,11875335,109263029
2021-11-30T23:00:00+01:00,Arrêté quotidien,Bordeaux,109353703,,,,,,,,,,68688136,26390604,2322571,11952392,109353703
2021-12-01T23:00:00+01:00,Arrêté quotidien,Bordeaux,109459423,,,,,,,,,,68688136,26390604,2340899,12039784,109459423
2021-12-02T23:00:00+01:00,Arrêté quotidien,Bordeaux,109551816,,,,,,,,,,68688136,26390604,2355242,12117834,109551816
2021-12-03T23:00:00+01:00,Arrêté quotidien,Bordeaux,109645844,,,,,,,,,,68688136,26390604,2370861,12196243,109645844
2021-12-04T23:00:00+01:00,Arrêté quotidien,Bordeaux,109732036,,,,,,,,,,68688136,26390604,2385325,12267971,109732036
2021-12-05T23:00:00+01:00,Arrêté quotidien,Bordeaux,109810197,,,,,,,,,,68688136,26390604,2404170,12327287,109810197
2021-12-06T23:00:00+01:00,Arrêté quotidien,Bordeaux,109887971,,,,,,,,,,68688136,26390604,2422549,12386682,109887971
2021-12-07T23:00:00+01:00,Arrêté quotidien,Bordeaux,109977929,,,,,,,,,,68688136,26390604,2439860,12459329,109977929
2021-12-08T23:00:00+01:00,Arrêté quotidien,Bordeaux,110069188,,,,,,,,,,68688136,26390604,2455336,12535112,110069188
2021-12-09T23:00:00+01:00,Arrêté quotidien,Bordeaux,110155647,,,,,,,,,,68688136,26390604,2469689,12607218,110155647
2021-12-10T23:00:00+01:00,Arrêté quotidien,Bordeaux,110239622,,,,,,,,,,68688136,26390604,2484256,12676626,110239622
2021-12-11T23:00:00+01:00,Arrêté quotidien,Bordeaux,110330404,,,,,,,,,,68688136,26390604,2500344,12751320,110330404
2021-12-12T23:00:00+01:00,Arrêté quotidien,Bordeaux,110410729,,,,,,,,,,68688136,26390604,2519655,12812334,110410729
2021-12-13T23:00:00+01:00,Arrêté quotidien,Bordeaux,110487470,,,,,,,,,,68688136,26390604,2537728,12871002,110487470
2021-12-14T23:00:00+01:00,Arrêté quotidien,Bordeaux,110582261,,,,,,,,,,68688136,26390604,2555019,12948502,110582261
2021-12-15T23:00:00+01:00,Arrêté quotidien,Bordeaux,110687129,,,,,,,,,,68688136,26390604,2574369,13034020,110687129
2021-12-16T23:00:00+01:00,Arrêté quotidien,Bordeaux,110777641,,,,,,,,,,68688136,26390604,2591513,13107388,110777641
2021-12-17T23:00:00+01:00,Arrêté quotidien,Bordeaux,110884356,,,,,,,,,,68688136,26390604,2615487,13190129,110884356
2021-12-18T23:00:00+01:00,Arrêté quotidien,Bordeaux,110974429,,,,,,,,,,68688136,26390604,2631891,13263798,110974429
2021-12-19T23:00:00+01:00,Arrêté quotidien,Bordeaux,111031855,,,,,,,,,,68688136,26390604,2643712,13309403,111031855
2021-12-20T23:00:00+01:00,Arrêté quotidien,Bordeaux,111088043,,,,,,,,,,68688136,26390604,2655350,13353953,111088043
2021-12-21T23:00:00+01:00,Arrêté quotidien,Bordeaux,111168705,,,,,,,,,,68688136,26390604,2667325,13422640,111168705
2021-12-22T23:00:00+01:00,Arrêté quotidien,Bordeaux,111258012,,,,,,,,,,68688136,26390604,2685731,13493541,111258012
2021-12-23T23:00:00+01:00,Arrêté quotidien,Bordeaux,111336206,,,,,,,,,,68688136,26390604,2700004,13557462,111336206
2021-12-24T23:00:00+01:00,Arrêté quotidien,Bordeaux,111411347,,,,,,,,,,68688136,26390604,2714719,13617888,111411347
2021-12-25T23:00:00+01:00,Arrêté quotidien,Bordeaux,111477998,,,,,,,,,,68688136,26390604,2728256,13671002,111477998
2021-12-26T23:00:00+01:00,Arrêté quotidien,Bordeaux,111534977,,,,,,,,,,68688136,26390604,2740431,13715806,111534977
2021-12-27T23:00:00+01:00,Arrêté quotidien,Bordeaux,111592309,,,,,,,,,,68688136,26390604,2752372,13761197,111592309
2021-12-28T23:00:00+01:00,Arrêté quotidien,Bordeaux,111660662,,,,,,,,,,68688136,26390604,2764420,13817502,111660662
2021-12-29T23:00:00+01:00,Arrêté quotidien,Bordeaux,111740990,,,,,,,,,,68688136,26390604,2783254,13878996,111740990
2021-12-30T23:00:00+01:00,Arrêté quotidien,Bordeaux,111815178,,,,,,,,,,68688136,26390604,2800380,13936058,111815178
2021-12-31T23:00:00+01:00,Arrêté quotidien,Bordeaux,111875280,,,,,,,,,,68688136,26390604,2813190,13983350,111875280
2022-01-01T23:00:00+01:00,Arrêté quotidien,Bordeaux,111933317,,,,,,,,,,68688136,26390604,2826350,14028227,111933317
2022-01-02T23:00:00+01:00,Arrêté quotidien,Bordeaux,111987059,,,,,,,,,,68688136,26390604,2837486,14070833,111987059
2022-01-03T23:00:00+01:00,Arrêté quotidien,Bordeaux,112041792,,,,,,,,,,68688136,26390604,2848571,14114481,112041792
2022-01-04T23:00:00+01:00,Arrêté quotidien,Bordeaux,112118482,,,,,,,,,,68688136,26390604,2859928,14179814,112118482
2022-01-05T23:00:00+01:00,Arrêté quotidien,Bordeaux,112199260,,,,,,,,,,68688136,26390604,2876178,14244342,112199260
2022-01-06T23:00:00+01:00,Arrêté quotidien,Bordeaux,112270750,,,,,,,,,,68688136,26390604,2889705,14302305,112270750
2022-01-07T23:00:00+01:00,Arrêté quotidien,Bordeaux,112349801,,,,,,,,,,68688136,26390604,2903045,14368016,112349801
2022-01-08T23:00:00+01:00,Arrêté quotidien,Bordeaux,112418471,,,,,,,,,,68688136,26390604,2916261,14423470,112418471
2022-01-09T23:00:00+01:00,Arrêté quotidien,Bordeaux,112471915,,,,,,,,,,68688136,26390604,2927155,14466020,112471915
2022-01-10T23:00:00+01:00,Arrêté quotidien,Bordeaux,112526648,,,,,,,,,,68688136,26390604,2938091,14509817,112526648
2022-01-11T23:00:00+01:00,Arrêté quotidien,Bordeaux,112608068,,,,,,,,,,68688136,26390604,2949723,14579605,112608068
2022-01-12T23:00:00+01:00,Arrêté quotidien,Bordeaux,112697553,,,,,,,,,,68688136,26390604,2966608,14652205,112697553
2022-01-13T23:00:00+01:00,Arrêté quotidien,Bordeaux,112769518,,,,,,,,,,68688136,26390604,2980270,14710508,112769518
2022-01-14T23:00:00+01:00,Arrêté quotidien,Bordeaux,112847384,,,,,,,,,,68688136,26390604,2993479,14775165,112847384
2022-01-15T23:00:00+01:00,Arrêté quotidien,Bordeaux,112919655,,,,,,,,,,68688136,26390604,3007341,14833574,112919655
2022-01-16T23:00:00+01:00,Arrêté quotidien,Bordeaux,112973966,,,,,,,,,,68688136,26390604,3018719,14876507,112973966
2022-01-17T23:00:00+01:00,Arrêté quotidien,Bordeaux,113030600,,,,,,,,,,68688136,26390604,3030256,14921604,113030600
2022-01-18T23:00:00+01:00,Arrêté quotidien,Bordeaux,113115936,,,,,,,,,,68688136,26390604,3041856,14995340,113115936
2022-01-19T23:00:00+01:00,Arrêté quotidien,Bordeaux,113205521,,,,,,,,,,68688136,26390604,3059328,15067453,113205521
2022-01-20T23:00:00+01:00,Arrêté quotidien,Bordeaux,113285886,,,,,,,,,,68688136,26390604,3074101,15133045,113285886
2022-01-21T23:00:00+01:00,Arrêté quotidien,Bordeaux,113364776,,,,,,,,,,68688136,26390604,3088915,15197121,113364776
2022-01-22T23:00:00+01:00,Arrêté quotidien,Bordeaux,113445907,,,,,,,,,,68688136,26390604,3102673,15264494,113445907
2022-01-23T23:00:00+01:00,Arrêté quotidien,Bordeaux,113503602,,,,,,,,,,68688136,26390604,3114353,15310509,113503602
2022-01-24T23:00:00+01:00,Arrêté quotidien,Bordeaux,113560875,,,,,,,,,,68688136,26390604,3125967,15356168,113560875
2022-01-25T23:00:00+01:00,Arrêté quotidien,Bordeaux,113643015,,,,,,,,,,68688136,26390604,3138051,15426224,113643015
2022-01-26T23:00:00+01:00,Arrêté quotidien,Bordeaux,113729497,,,,,,,,,,68688136,26390604,3155448,15495309,113729497
2022-01-27T23:00:00+01:00,Arrêté quotidien,Bordeaux,113806822,,,,,,,,,,68688136,26390604,3168509,15559573,113806822
2022-01-28T23:00:00+01:00,Arrêté quotidien,Bordeaux,113892321,,,,,,,,,,68688136,26390604,3182209,15631372,113892321
2022-01-29T23:00:00+01:00,Arrêté quotidien,Bordeaux,113977558,,,,,,,,,,68688136,26390604,3197621,15701197,113977558
2022-01-30T23:00:00+01:00,Arrêté quotidien,Bordeaux,114036938,,,,,,,,,,68688136,26390604,3209676,15748522,114036938
2022-01-31T23:00:00+01:00,Arrêté quotidien,Bordeaux,114095677,,,,,,,,,,68688136,26390604,3222257,15794680,114095677
2022-02-01T23:00:00+01:00,Arrêté quotidien,Bordeaux,114175150,,,,,,,,,,68688136,26390604,3234376,15862034,114175150
2022-02-02T23:00:00+01:00,Arrêté quotidien,Bordeaux,114262537,,,,,,,,,,68688136,26390604,3252921,15930876,114262537
2022-02-03T23:00:00+01:00,Arrêté quotidien,Bordeaux,114349146,,,,,,,,,,68688136,26390604,3271383,15999023,114349146
2022-02-04T23:00:00+01:00,Arrêté quotidien,Bordeaux,114439182,,,,,,,,,,68688136,26390604,3286497,16073945,114439182
2022-02-05T23:00:00+01:00,Arrêté quotidien,Bordeaux,114528061,,,,,,,,,,68688136,26390604,3302745,16146576,114528061
2022-02-06T23:00:00+01:00,Arrêté quotidien,Bordeaux,114585905,,,,,,,,,,68688136,26390604,3316839,16190326,114585905
2022-02-07T23:00:00+01:00,Arrêté quotidien,Bordeaux,114645583,,,,,,,,,,68688136,26390604,3329024,16237819,114645583
2022-02-08T23:00:00+01:00,Arrêté quotidien,Bordeaux,114741878,,,,,,,,,,68688136,26390604,3341061,16322077,114741878
2022-02-09T23:00:00+01:00,Arrêté quotidien,Bordeaux,114843170,,,,,,,,,,68688136,26390604,3359618,16404812,114843170
2022-02-10T23:00:00+01:00,Arrêté quotidien,Bordeaux,114919746,,,,,,,,,,68688136,26390604,3374354,16466652,114919746
2022-02-11T23:00:00+01:00,Arrêté quotidien,Bordeaux,115008590,,,,,,,,,,68688136,26390604,3389295,16540555,115008590
2022-02-12T23:00:00+01:00,Arrêté quotidien,Bordeaux,115091311,,,,,,,,,,68688136,26390604,3404497,16608074,115091311
2022-02-13T23:00:00+01:00,Arrêté quotidien,Bordeaux,115143264,,,,,,,,,,68688136,26390604,3416637,16647887,115143264
2022-02-14T23:00:00+01:00,Arrêté quotidien,Bordeaux,115194626,,,,,,,,,,68688136,26390604,3428700,16687186,115194626
2022-02-15T23:00:00+01:00,Arrêté quotidien,Bordeaux,115283984,,,,,,,,,,68688136,26390604,3440833,16764411,115283984
2022-02-16T23:00:00+01:00,Arrêté quotidien,Bordeaux,115381452,,,,,,,,,,68688136,26390604,3458968,16843744,115381452
2022-02-17T23:00:00+01:00,Arrêté quotidien,Bordeaux,115476917,,,,,,,,,,68688136,26390604,3477390,16920787,115476917
2022-02-18T23:00:00+01:00,Arrêté quotidien,Bordeaux,115555144,,,,,,,,,,68688136,26390604,3492359,16984045,115555144
2022-02-19T23:00:00+01:00,Arrêté quotidien,Bordeaux,115627195,,,,,,,,,,68688136,26390604,3505543,17042912,115627195
2022-02-20T23:00:00+01:00,Arrêté quotidien,Bordeaux,115684265,,,,,,,,,,68688136,26390604,3517804,17087721,115684265
2022-02-21T23:00:00+01:00,Arrêté quotidien,Bordeaux,115743406,,,,,,,,,,68688136,26390604,3529890,17134776,115743406
2022-02-22T23:00:00+01:00,Arrêté quotidien,Bordeaux,115834067,,,,,,,,,,68688136,26390604,3542087,17213240,115834067
2022-02-23T23:00:00+01:00,Arrêté quotidien,Bordeaux,115920897,,,,,,,,,,68688136,26390604,3559234,17282923,115920897
2022-02-24T23:00:00+01:00,Arrêté quotidien,Bordeaux,115999726,,,,,,,,,,68688136,26390604,3573111,17347875,115999726
2022-02-25T23:00:00+01:00,Arrêté quotidien,Bordeaux,116077948,,,,,,,,,,68688136,26390604,3586483,17412725,116077948
2022-02-26T23:00:00+01:00,Arrêté quotidien,Bordeaux,116155380,,,,,,,,,,68688136,26390604,3599721,17476919,116155380
2022-02-27T23:00:00+01:00,Arrêté quotidien,Bordeaux,116209308,,,,,,,,,,68688136,26390604,3610849,17519719,116209308
2022-02-28T23:00:00+01:00,Arrêté quotidien,Bordeaux,116267493,0,0,0,0,0,0,0,0,0,68688136,26390604,3622109,17566644,116267493
2022-03-01T23:00:00+01:00,Arrêté quotidien,Bordeaux,116360012,,,,,,,,,,68688136,26390604,3634521,17646751,116360012
2022-03-02T23:00:00+01:00,Arrêté quotidien,Bordeaux,116453312,,,,,,,,,,68688136,26390604,3653286,17721286,116453312
2022-03-03T23:00:00+01:00,Arrêté quotidien,Bordeaux,116537498,,,,,,,,,,68688136,26390604,3668057,17790701,116537498
2022-03-04T23:00:00+01:00,Arrêté quotidien,Bordeaux,116622279,,,,,,,,,,68688136,26390604,3680876,17862663,116622279
2022-03-05T23:00:00+01:00,Arrêté quotidien,Bordeaux,116697992,,,,,,,,,,68688136,26390604,3694280,17924972,116697992
2022-03-06T23:00:00+01:00,Arrêté quotidien,Bordeaux,116753467,,,,,,,,,,68688136,26390604,3706736,17967991,116753467
2022-03-07T23:00:00+01:00,Arrêté quotidien,Bordeaux,116810222,,,,,,,,,,68688136,26390604,3718910,18012572,116810222
2022-03-08T23:00:00+01:00,Arrêté quotidien,Bordeaux,116898418,,,,,,,,,,68688136,26390604,3731803,18087875,116898418
2022-03-09T23:00:00+01:00,Arrêté quotidien,Bordeaux,116998900,,,,,,,,,,68688136,26390604,3748808,18171352,116998900
2022-03-10T23:00:00+01:00,Arrêté quotidien,Bordeaux,117083912,,,,,,,,,,68688136,26390604,3762128,18243044,117083912
2022-03-11T23:00:00+01:00,Arrêté quotidien,Bordeaux,117173041,,,,,,,,,,68688136,26390604,3777791,18316510,117173041
2022-03-12T23:00:00+01:00,Arrêté quotidien,Bordeaux,117247212,,,,,,,,,,68688136,26390604,3791354,18377118,117247212
2022-03-13T23:00:00+01:00,Arrêté quotidien,Bordeaux,117300135,,,,,,,,,,68688136,26390604,3802417,18418978,117300135
2022-03-14T23:00:00+01:00,Arrêté quotidien,Bordeaux,117353026,,,,,,,,,,68688136,26390604,3813746,18460540,117353026
2022-03-15T23:00:00+01:00,Arrêté quotidien,Bordeaux,117439300,,,,,,,,,,68688136,26390604,3826200,18534360,117439300
2022-03-16T23:00:00+01:00,Arrêté quotidien,Bordeaux,117527817,,,,,,,,,,68688136,26390604,3845549,18603528,117527817
2022-03-17T23:00:00+01:00,Arrêté quotidien,Bordeaux,117612784,,,,,,,,,,68688136,26390604,3859234,18674810,117612784
2022-03-18T23:00:00+01:00,Arrêté quotidien,Bordeaux,117691876,,,,,,,,,,68688136,26390604,3873108,18740028,117691876
2022-03-19T23:00:00+01:00,Arrêté quotidien,Bordeaux,117779451,,,,,,,,,,68688136,26390604,3888195,18812516,117779451
2022-03-20T23:00:00+01:00,Arrêté quotidien,Bordeaux,117870689,,,,,,,,,,68688136,26390604,3902587,18889362,117870689
2022-03-21T23:00:00+01:00,Arrêté quotidien,Bordeaux,117937859,,,,,,,,,,68688136,26390604,3916454,18942665,117937859
2022-03-22T23:00:00+01:00,Arrêté quotidien,Bordeaux,118022898,,,,,,,,,,68688136,26390604,3930403,19013755,118022898
2022-03-23T23:00:00+01:00,Arrêté quotidien,Bordeaux,118114814,,,,,,,,,,68688136,26390604,3947482,19088592,118114814
2022-03-24T23:00:00+01:00,Arrêté quotidien,Bordeaux,118194890,,,,,,,,,,68688136,26390604,3960177,19155973,118194890
2022-03-25T23:00:00+01:00,Arrêté quotidien,Bordeaux,118275702,,,,,,,,,,68688136,26390604,3976056,19220906,118275702
2022-03-26T23:00:00+01:00,Arrêté quotidien,Bordeaux,118351638,,,,,,,,,,68688136,26390604,3994128,19278770,118351638
2022-03-28T00:00:00+02:00,Arrêté quotidien,Bordeaux,118472398,,,,,,,,,,68688136,26390604,4016226,19377432,118472398
2022-03-29T00:00:00+02:00,Arrêté quotidien,Bordeaux,118556646,,,,,,,,,,68688136,26390604,4027525,19450381,118556646
2022-03-30T00:00:00+02:00,Arrêté quotidien,Bordeaux,118652927,,,,,,,,,,68688136,26390604,4044246,19529941,118652927
2022-03-31T00:00:00+02:00,Arrêté quotidien,Bordeaux,118738296,,,,,,,,,,68688136,26390604,4058668,19600888,118738296
2022-04-01T00:00:00+02:00,Arrêté quotidien,Bordeaux,118823455,,,,,,,,,,68688136,26390604,4073440,19671275,118823455
2022-04-02T00:00:00+02:00,Arrêté quotidien,Bordeaux,118909284,,,,,,,,,,68705498,26459071,4073440,19671275,118909284
2022-04-03T00:00:00+02:00,Arrêté quotidien,Bordeaux,118977306,,,,,,,,,,68723814,26508777,4073440,19671275,118977306
2022-04-04T00:00:00+02:00,Arrêté quotidien,Bordeaux,119038972,,,,,,,,,,68736124,26558133,4073440,19671275,119038972
2022-04-05T00:00:00+02:00,Arrêté quotidien,Bordeaux,119129370,,,,,,,,,,68749148,26635507,4073440,19671275,119129370
2022-04-06T00:00:00+02:00,Arrêté quotidien,Bordeaux,119227948,,,,,,,,,,68773433,26709800,4073440,19671275,119227948
2022-04-07T00:00:00+02:00,Arrêté quotidien,Bordeaux,119300901,,,,,,,,,,68789276,26766910,4073440,19671275,119300901
2022-04-08T00:00:00+02:00,Arrêté quotidien,Bordeaux,119381021,,,,,,,,,,68802468,26833838,4073440,19671275,119381021
2022-04-09T00:00:00+02:00,Arrêté quotidien,Bordeaux,119450540,,,,,,,,,,68815384,26890441,4073440,19671275,119450540
2022-04-10T00:00:00+02:00,Arrêté quotidien,Bordeaux,119505265,,,,,,,,,,68826455,26934095,4073440,19671275,119505265
2022-04-11T00:00:00+02:00,Arrêté quotidien,Bordeaux,119564587,,,,,,,,,,68837644,26982228,4073440,19671275,119564587
2022-04-12T00:00:00+02:00,Arrêté quotidien,Bordeaux,119644191,,,,,,,,,,68849731,27049745,4073440,19671275,119644191
2022-04-13T00:00:00+02:00,Arrêté quotidien,Bordeaux,119730921,,,,,,,,,,68866604,27119602,4073440,19671275,119730921
2022-04-14T00:00:00+02:00,Arrêté quotidien,Bordeaux,119811633,,,,,,,,,,68880015,27186903,4073440,19671275,119811633
2022-04-15T00:00:00+02:00,Arrêté quotidien,Bordeaux,119906544,,,,,,,,,,68896018,27265811,4073440,19671275,119906544
2022-04-16T00:00:00+02:00,Arrêté quotidien,Bordeaux,119981765,,,,,,,,,,68909032,27328018,4073440,19671275,119981765
2022-04-17T00:00:00+02:00,Arrêté quotidien,Bordeaux,120038405,,,,,,,,,,68920003,27373687,4073440,19671275,120038405
2022-04-18T00:00:00+02:00,Arrêté quotidien,Bordeaux,120093403,,,,,,,,,,68931046,27417642,4073440,19671275,120093403
2022-04-19T00:00:00+02:00,Arrêté quotidien,Bordeaux,120150238,,,,,,,,,,68941567,27463956,4073440,19671275,120150238
2022-04-20T00:00:00+02:00,Arrêté quotidien,Bordeaux,120231730,,,,,,,,,,68956499,27530516,4073440,19671275,120231730
2022-04-21T00:00:00+02:00,Arrêté quotidien,Bordeaux,120308699,,,,,,,,,,68969597,27594387,4073440,19671275,120308699
2022-04-22T00:00:00+02:00,Arrêté quotidien,Bordeaux,120388163,,,,,,,,,,68982704,27660744,4073440,19671275,120388163
2022-04-23T00:00:00+02:00,Arrêté quotidien,Bordeaux,120469663,,,,,,,,,,68996508,27728440,4073440,19671275,120469663
2022-04-24T00:00:00+02:00,Arrêté quotidien,Bordeaux,120535850,,,,,,,,,,69007798,27783337,4073440,19671275,120535850
2022-04-25T00:00:00+02:00,Arrêté quotidien,Bordeaux,120602655,,,,,,,,,,69019368,27838572,4073440,19671275,120602655
2022-04-26T00:00:00+02:00,Arrêté quotidien,Bordeaux,120684251,,,,,,,,,,69031486,27908050,4073440,19671275,120684251
2022-04-27T00:00:00+02:00,Arrêté quotidien,Bordeaux,120775579,,,,,,,,,,69048642,27982222,4073440,19671275,120775579
2022-04-28T00:00:00+02:00,Arrêté quotidien,Bordeaux,120856996,,,,,,,,,,69063220,28049061,4073440,19671275,120856996
2022-04-29T00:00:00+02:00,Arrêté quotidien,Bordeaux,120937820,,,,,,,,,,69076863,28116242,4073440,19671275,120937820
2022-04-30T00:00:00+02:00,Arrêté quotidien,Bordeaux,121025518,,,,,,,,,,69091131,28189672,4073440,19671275,121025518
2022-05-01T00:00:00+02:00,Arrêté quotidien,Bordeaux,121094631,,,,,,,,,,69103644,28246272,4073440,19671275,121094631
2022-05-02T00:00:00+02:00,Arrêté quotidien,Bordeaux,121164632,,,,,,,,,,69115721,28304196,4073440,19671275,121164632
2022-05-03T00:00:00+02:00,Arrêté quotidien,Bordeaux,121255706,,,,,,,,,,69128471,28382520,4073440,19671275,121255706
2022-05-04T00:00:00+02:00,Arrêté quotidien,Bordeaux,121359167,,,,,,,,,,69148549,28465903,4073440,19671275,121359167
2022-05-05T00:00:00+02:00,Arrêté quotidien,Bordeaux,121450506,,,,,,,,,,69166889,28538902,4073440,19671275,121450506
2022-05-06T00:00:00+02:00,Arrêté quotidien,Bordeaux,121546005,,,,,,,,,,69182577,28618713,4073440,19671275,121546005
2022-05-07T00:00:00+02:00,Arrêté quotidien,Bordeaux,121639428,,,,,,,,,,69201843,28692870,4073440,19671275,121639428
2022-05-08T00:00:00+02:00,Arrêté quotidien,Bordeaux,121710738,,,,,,,,,,69214367,28751656,4073440,19671275,121710738
2022-05-09T00:00:00+02:00,Arrêté quotidien,Bordeaux,121781514,,,,,,,,,,69226787,28810012,4073440,19671275,121781514
2022-05-10T00:00:00+02:00,Arrêté quotidien,Bordeaux,121876182,,,,,,,,,,69240017,28891450,4073440,19671275,121876182
2022-05-11T00:00:00+02:00,Arrêté quotidien,Bordeaux,121987593,,,,,,,,,,69259002,28983876,4073440,19671275,121987593
2022-05-12T00:00:00+02:00,Arrêté quotidien,Bordeaux,122086172,,,,,,,,,,69274556,29066901,4073440,19671275,122086172
2022-05-13T00:00:00+02:00,Arrêté quotidien,Bordeaux,122184101,,,,,,,,,,69289703,29149683,4073440,19671275,122184101
2022-05-14T00:00:00+02:00,Arrêté quotidien,Bordeaux,122269939,,,,,,,,,,69304969,29220255,4073440,19671275,122269939
2022-05-15T00:00:00+02:00,Arrêté quotidien,Bordeaux,122340891,,,,,,,,,,69317210,29278966,4073440,19671275,122340891
2022-05-16T00:00:00+02:00,Arrêté quotidien,Bordeaux,122411418,,,,,,,,,,69329443,29337260,4073440,19671275,122411418
2022-05-17T00:00:00+02:00,Arrêté quotidien,Bordeaux,122508497,,,,,,,,,,69341877,29421905,4073440,19671275,122508497
2022-05-18T00:00:00+02:00,Arrêté quotidien,Bordeaux,122634680,,,,,,,,,,69363626,29526339,4073440,19671275,122634680
2022-05-19T00:00:00+02:00,Arrêté quotidien,Bordeaux,122736551,,,,,,,,,,69382158,29609678,4073440,19671275,122736551
2022-05-20T00:00:00+02:00,Arrêté quotidien,Bordeaux,122846757,,,,,,,,,,69402654,29699388,4073440,19671275,122846757
2022-05-21T00:00:00+02:00,Arrêté quotidien,Bordeaux,122951785,,,,,,,,,,69420956,29786114,4073440,19671275,122951785
2022-05-22T00:00:00+02:00,Arrêté quotidien,Bordeaux,123031387,,,,,,,,,,69435862,29850810,4073440,19671275,123031387
2022-05-23T00:00:00+02:00,Arrêté quotidien,Bordeaux,123109410,,,,,,,,,,69449764,29914931,4073440,19671275,123109410
2022-05-24T00:00:00+02:00,Arrêté quotidien,Bordeaux,123208170,,,,,,,,,,69463580,29999875,4073440,19671275,123208170
2022-05-25T00:00:00+02:00,Arrêté quotidien,Bordeaux,123314467,,,,,,,,,,69484718,30085034,4073440,19671275,123314467
2022-05-26T00:00:00+02:00,Arrêté quotidien,Bordeaux,123411391,,,,,,,,,,69501908,30164768,4073440,19671275,123411391
2022-05-27T00:00:00+02:00,Arrêté quotidien,Bordeaux,123505833,,,,,,,,,,69522226,30238892,4073440,19671275,123505833
2022-05-28T00:00:00+02:00,Arrêté quotidien,Bordeaux,123603746,,,,,,,,,,69541052,30317979,4073440,19671275,123603746
2022-05-29T00:00:00+02:00,Arrêté quotidien,Bordeaux,123676136,,,,,,,,,,69552949,30378472,4073440,19671275,123676136
2022-05-30T00:00:00+02:00,Arrêté quotidien,Bordeaux,123745733,,,,,,,,,,69564961,30436057,4073440,19671275,123745733
2022-05-31T00:00:00+02:00,Arrêté quotidien,Bordeaux,123835339,,,,,,,,,,69576658,30513966,4073440,19671275,123835339
2022-06-01T00:00:00+02:00,Arrêté quotidien,Bordeaux,123929574,,,,,,,,,,69594111,30590748,4073440,19671275,123929574
2022-06-02T00:00:00+02:00,Arrêté quotidien,Bordeaux,124012765,,,,,,,,,,69608316,30659734,4073440,19671275,124012765
2022-06-03T00:00:00+02:00,Arrêté quotidien,Bordeaux,124123232,,,,,,,,,,69627369,30751148,4073440,19671275,124123232
2022-06-04T00:00:00+02:00,Arrêté quotidien,Bordeaux,124226479,,,,,,,,,,69647634,30834130,4073440,19671275,124226479
2022-06-05T00:00:00+02:00,Arrêté quotidien,Bordeaux,124316803,,,,,,,,,,69665002,30907086,4073440,19671275,124316803
2022-06-06T00:00:00+02:00,Arrêté quotidien,Bordeaux,124401541,,,,,,,,,,69681775,30975051,4073440,19671275,124401541
2022-06-07T00:00:00+02:00,Arrêté quotidien,Bordeaux,124491845,,,,,,,,,,69699463,31047667,4073440,19671275,124491845
2022-06-08T00:00:00+02:00,Arrêté quotidien,Bordeaux,124603586,,,,,,,,,,69721384,31137487,4073440,19671275,124603586
2022-06-09T00:00:00+02:00,Arrêté quotidien,Bordeaux,124722157,,,,,,,,,,69743751,31233691,4073440,19671275,124722157
2022-06-10T00:00:00+02:00,Arrêté quotidien,Bordeaux,124825139,,,,,,,,,,69762010,31318414,4073440,19671275,124825139
2022-06-11T00:00:00+02:00,Arrêté quotidien,Bordeaux,124910399,,,,,,,,,,69783218,31382466,4073440,19671275,124910399
2022-06-12T00:00:00+02:00,Arrêté quotidien,Bordeaux,124979508,,,,,,,,,,69800231,31434562,4073440,19671275,124979508
2022-06-13T00:00:00+02:00,Arrêté quotidien,Bordeaux,125057005,,,,,,,,,,69816512,31495778,4073440,19671275,125057005
2022-06-14T00:00:00+02:00,Arrêté quotidien,Bordeaux,125138203,,,,,,,,,,69833857,31559631,4073440,19671275,125138203
2022-06-15T00:00:00+02:00,Arrêté quotidien,Bordeaux,125223754,,,,,,,,,,69856816,31622223,4073440,19671275,125223754
2022-06-16T00:00:00+02:00,Arrêté quotidien,Bordeaux,125299382,,,,,,,,,,69878581,31676086,4073440,19671275,125299382
2022-06-17T00:00:00+02:00,Arrêté quotidien,Bordeaux,125366312,,,,,,,,,,69892466,31729131,4073440,19671275,125366312
2022-06-18T00:00:00+02:00,Arrêté quotidien,Bordeaux,125454638,,,,,,,,,,69910677,31799246,4073440,19671275,125454638
2022-06-19T00:00:00+02:00,Arrêté quotidien,Bordeaux,125520815,,,,,,,,,,69928203,31847897,4073440,19671275,125520815
2022-06-20T00:00:00+02:00,Arrêté quotidien,Bordeaux,125600032,,,,,,,,,,69946087,31909230,4073440,19671275,125600032
2022-06-21T00:00:00+02:00,Arrêté quotidien,Bordeaux,125693736,,,,,,,,,,69963190,31985831,4073440,19671275,125693736
2022-06-22T00:00:00+02:00,Arrêté quotidien,Bordeaux,125779633,,,,,,,,,,69983248,32051670,4073440,19671275,125779633
2022-06-23T00:00:00+02:00,Arrêté quotidien,Bordeaux,125867324,,,,,,,,,,70003333,32119276,4073440,19671275,125867324
2022-06-24T00:00:00+02:00,Arrêté quotidien,Bordeaux,125965669,,,,,,,,,,70027192,32193762,4073440,19671275,125965669
2022-06-25T00:00:00+02:00,Arrêté quotidien,Bordeaux,126046164,,,,,,,,,,70048154,32253295,4073440,19671275,126046164
2022-06-26T00:00:00+02:00,Arrêté quotidien,Bordeaux,126112088,,,,,,,,,,70065839,32301534,4073440,19671275,126112088
2022-06-27T00:00:00+02:00,Arrêté quotidien,Bordeaux,126189249,,,,,,,,,,70083566,32360968,4073440,19671275,126189249
2022-06-28T00:00:00+02:00,Arrêté quotidien,Bordeaux,126281671,,,,,,,,,,70101026,32435930,4073440,19671275,126281671
2022-06-29T00:00:00+02:00,Arrêté quotidien,Bordeaux,126370582,,,,,,,,,,70120867,32505000,4073440,19671275,126370582
2022-06-30T00:00:00+02:00,Arrêté quotidien,Bordeaux,126457754,,,,,,,,,,70142718,32570321,4073440,19671275,126457754
2022-07-01T00:00:00+02:00,Arrêté quotidien,Bordeaux,126542032,,,,,,,,,,70156628,32640689,4073440,19671275,126542032
2022-07-02T00:00:00+02:00,Arrêté quotidien,Bordeaux,126622895,,,,,,,,,,70174682,32703498,4073440,19671275,126622895
2022-07-03T00:00:00+02:00,Arrêté quotidien,Bordeaux,126701356,,,,,,,,,,70191327,32765314,4073440,19671275,126701356
2022-07-04T00:00:00+02:00,Arrêté quotidien,Bordeaux,126775171,,,,,,,,,,70208276,32822180,4073440,19671275,126775171
2022-07-05T00:00:00+02:00,Arrêté quotidien,Bordeaux,126861633,,,,,,,,,,70224850,32892068,4073440,19671275,126861633
2022-07-06T00:00:00+02:00,Arrêté quotidien,Bordeaux,126948529,,,,,,,,,,70245658,32958156,4073440,19671275,126948529
2022-07-07T00:00:00+02:00,Arrêté quotidien,Bordeaux,127034613,,,,,,,,,,70267101,33022797,4073440,19671275,127034613
2022-07-08T00:00:00+02:00,Arrêté quotidien,Bordeaux,127128152,,,,,,,,,,70285394,33098043,4073440,19671275,127128152
2022-07-09T00:00:00+02:00,Arrêté quotidien,Bordeaux,127214844,,,,,,,,,,70308146,33161983,4073440,19671275,127214844
2022-07-10T00:00:00+02:00,Arrêté quotidien,Bordeaux,127284487,,,,,,,,,,70325059,33214713,4073440,19671275,127284487
2022-07-11T00:00:00+02:00,Arrêté quotidien,Bordeaux,127359241,,,,,,,,,,70342181,33272345,4073440,19671275,127359241
2022-07-12T00:00:00+02:00,Arrêté quotidien,Bordeaux,127457289,,,,,,,,,,70363502,33349072,4073440,19671275,127457289
2022-07-13T00:00:00+02:00,Arrêté quotidien,Bordeaux,127556582,,,,,,,,,,70393543,33418324,4073440,19671275,127556582
2022-07-14T00:00:00+02:00,Arrêté quotidien,Bordeaux,127642415,,,,,,,,,,70413079,33484621,4073440,19671275,127642415
2022-07-15T00:00:00+02:00,Arrêté quotidien,Bordeaux,127702594,,,,,,,,,,70428384,33529495,4073440,19671275,127702594
2022-07-16T00:00:00+02:00,Arrêté quotidien,Bordeaux,127778475,,,,,,,,,,70447561,33586199,4073440,19671275,127778475
2022-07-17T00:00:00+02:00,Arrêté quotidien,Bordeaux,127856724,,,,,,,,,,70469162,33642847,4073440,19671275,127856724
2022-07-18T00:00:00+02:00,Arrêté quotidien,Bordeaux,127946933,,,,,,,,,,70490353,33711865,4073440,19671275,127946933
2022-07-19T00:00:00+02:00,Arrêté quotidien,Bordeaux,128036824,,,,,,,,,,70511485,33780624,4073440,19671275,128036824
2022-07-20T00:00:00+02:00,Arrêté quotidien,Bordeaux,128134836,,,,,,,,,,70534062,33856059,4073440,19671275,128134836
2022-07-21T00:00:00+02:00,Arrêté quotidien,Bordeaux,128225416,,,,,,,,,,70559590,33921111,4073440,19671275,128225416
2022-07-22T00:00:00+02:00,Arrêté quotidien,Bordeaux,128306189,,,,,,,,,,70578647,33982827,4073440,19671275,128306189
2022-07-23T00:00:00+02:00,Arrêté quotidien,Bordeaux,128388888,,,,,,,,,,70600459,34043714,4073440,19671275,128388888
2022-07-24T00:00:00+02:00,Arrêté quotidien,Bordeaux,128459705,,,,,,,,,,70619531,34095459,4073440,19671275,128459705
2022-07-25T00:00:00+02:00,Arrêté quotidien,Bordeaux,128538537,,,,,,,,,,70639249,34154573,4073440,19671275,128538537
2022-07-26T00:00:00+02:00,Arrêté quotidien,Bordeaux,128631589,,,,,,,,,,70658551,34228323,4073440,19671275,128631589
2022-07-27T00:00:00+02:00,Arrêté quotidien,Bordeaux,128720400,,,,,,,,,,70678607,34297078,4073440,19671275,128720400
2022-07-28T00:00:00+02:00,Arrêté quotidien,Bordeaux,128805398,,,,,,,,,,70698084,34362599,4073440,19671275,128805398
2022-07-29T00:00:00+02:00,Arrêté quotidien,Bordeaux,128886015,,,,,,,,,,70714381,34426919,4073440,19671275,128886015
2022-07-30T00:00:00+02:00,Arrêté quotidien,Bordeaux,128969598,,,,,,,,,,70735595,34489288,4073440,19671275,128969598
2022-07-31T00:00:00+02:00,Arrêté quotidien,Bordeaux,129063145,,,,,,,,,,70761082,34557348,4073440,19671275,129063145
2022-08-01T00:00:00+02:00,Arrêté quotidien,Bordeaux,129148801,,,,,,,,,,70788831,34615255,4073440,19671275,129148801
2022-08-02T00:00:00+02:00,Arrêté quotidien,Bordeaux,129233969,,,,,,,,,,70807893,34681361,4073440,19671275,129233969
2022-08-03T00:00:00+02:00,Arrêté quotidien,Bordeaux,129314306,,,,,,,,,,70827275,34742316,4073440,19671275,129314306
2022-08-04T00:00:00+02:00,Arrêté quotidien,Bordeaux,129393679,,,,,,,,,,70848822,34800142,4073440,19671275,129393679
2022-08-05T00:00:00+02:00,Arrêté quotidien,Bordeaux,129473347,,,,,,,,,,70868979,34859653,4073440,19671275,129473347
2022-08-06T00:00:00+02:00,Arrêté quotidien,Bordeaux,129548770,,,,,,,,,,70887843,34916212,4073440,19671275,129548770
2022-08-07T00:00:00+02:00,Arrêté quotidien,Bordeaux,129610152,,,,,,,,,,70905278,34960159,4073440,19671275,129610152
2022-08-08T00:00:00+02:00,Arrêté quotidien,Bordeaux,129681517,,,,,,,,,,70923002,35013800,4073440,19671275,129681517
2022-08-09T00:00:00+02:00,Arrêté quotidien,Bordeaux,129758258,,,,,,,,,,70940594,35072949,4073440,19671275,129758258
2022-08-10T00:00:00+02:00,Arrêté quotidien,Bordeaux,129838247,,,,,,,,,,70959250,35134282,4073440,19671275,129838247
2022-08-11T00:00:00+02:00,Arrêté quotidien,Bordeaux,129918736,,,,,,,,,,70979075,35194946,4073440,19671275,129918736
2022-08-12T00:00:00+02:00,Arrêté quotidien,Bordeaux,129995773,,,,,,,,,,70996764,35254294,4073440,19671275,129995773
2022-08-13T00:00:00+02:00,Arrêté quotidien,Bordeaux,130074844,,,,,,,,,,71020587,35309542,4073440,19671275,130074844
2022-08-14T00:00:00+02:00,Arrêté quotidien,Bordeaux,130140589,,,,,,,,,,71038612,35357262,4073440,19671275,130140589
2022-08-15T00:00:00+02:00,Arrêté quotidien,Bordeaux,130222909,,,,,,,,,,71056334,35421860,4073440,19671275,130222909
2022-08-16T00:00:00+02:00,Arrêté quotidien,Bordeaux,130283454,,,,,,,,,,71074687,35464052,4073440,19671275,130283454
2022-08-17T00:00:00+02:00,Arrêté quotidien,Bordeaux,130360956,,,,,,,,,,71093803,35522438,4073440,19671275,130360956
2022-08-18T00:00:00+02:00,Arrêté quotidien,Bordeaux,130430755,,,,,,,,,,71112967,35573073,4073440,19671275,130430755
2022-08-19T00:00:00+02:00,Arrêté quotidien,Bordeaux,130503711,,,,,,,,,,71128701,35630295,4073440,19671275,130503711
2022-08-20T00:00:00+02:00,Arrêté quotidien,Bordeaux,130580500,,,,,,,,,,71147214,35688571,4073440,19671275,130580500
2022-08-21T00:00:00+02:00,Arrêté quotidien,Bordeaux,130649843,,,,,,,,,,71165026,35740102,4073440,19671275,130649843
2022-08-22T00:00:00+02:00,Arrêté quotidien,Bordeaux,130722780,,,,,,,,,,71183154,35794911,4073440,19671275,130722780
2022-08-23T00:00:00+02:00,Arrêté quotidien,Bordeaux,130804338,,,,,,,,,,71200985,35858638,4073440,19671275,130804338
2022-08-24T00:00:00+02:00,Arrêté quotidien,Bordeaux,130888515,,,,,,,,,,71220715,35923085,4073440,19671275,130888515
2022-08-25T00:00:00+02:00,Arrêté quotidien,Bordeaux,130967656,,,,,,,,,,71240015,35982926,4073440,19671275,130967656
2022-08-26T00:00:00+02:00,Arrêté quotidien,Bordeaux,131045237,,,,,,,,,,71256352,36044170,4073440,19671275,131045237
2022-08-27T00:00:00+02:00,Arrêté quotidien,Bordeaux,131128228,,,,,,,,,,71276421,36107092,4073440,19671275,131128228
2022-08-28T00:00:00+02:00,Arrêté quotidien,Bordeaux,131194235,,,,,,,,,,71293487,36156033,4073440,19671275,131194235
2022-08-29T00:00:00+02:00,Arrêté quotidien,Bordeaux,131265623,,,,,,,,,,71310091,36210817,4073440,19671275,131265623
2022-08-30T00:00:00+02:00,Arrêté quotidien,Bordeaux,131343864,,,,,,,,,,71327213,36271936,4073440,19671275,131343864
2022-08-31T00:00:00+02:00,Arrêté quotidien,Bordeaux,131420454,,,,,,,,,,71345917,36329822,4073440,19671275,131420454
2022-09-01T00:00:00+02:00,Arrêté quotidien,Bordeaux,131485443,,,,,,,,,,71363068,36377660,4073440,19671275,131485443
2022-09-02T00:00:00+02:00,Arrêté quotidien,Bordeaux,131562202,,,,,,,,,,71377674,36439813,4073440,19671275,131562202
2022-09-03T00:00:00+02:00,Arrêté quotidien,Bordeaux,131643601,,,,,,,,,,71396980,36501906,4073440,19671275,131643601
2022-09-04T00:00:00+02:00,Arrêté quotidien,Bordeaux,131714342,,,,,,,,,,71421098,36548529,4073440,19671275,131714342
2022-09-05T00:00:00+02:00,Arrêté quotidien,Bordeaux,131790587,,,,,,,,,,71445022,36600850,4073440,19671275,131790587
2022-09-06T00:00:00+02:00,Arrêté quotidien,Bordeaux,131872352,,,,,,,,,,71462675,36664962,4073440,19671275,131872352
2022-09-07T00:00:00+02:00,Arrêté quotidien,Bordeaux,131949302,,,,,,,,,,71482651,36721936,4073440,19671275,131949302
2022-09-08T00:00:00+02:00,Arrêté quotidien,Bordeaux,132018804,,,,,,,,,,71501247,36772842,4073440,19671275,132018804
2022-09-09T00:00:00+02:00,Arrêté quotidien,Bordeaux,132096766,,,,,,,,,,71517154,36834897,4073440,19671275,132096766
2022-09-10T00:00:00+02:00,Arrêté quotidien,Bordeaux,132172451,,,,,,,,,,71534967,36892769,4073440,19671275,132172451
2022-09-11T00:00:00+02:00,Arrêté quotidien,Bordeaux,132232918,,,,,,,,,,71552129,36936074,4073440,19671275,132232918
2022-09-12T00:00:00+02:00,Arrêté quotidien,Bordeaux,132302253,,,,,,,,,,71569694,36987844,4073440,19671275,132302253
2022-09-13T00:00:00+02:00,Arrêté quotidien,Bordeaux,132379845,,,,,,,,,,71586284,37048846,4073440,19671275,132379845
2022-09-14T00:00:00+02:00,Arrêté quotidien,Bordeaux,132461288,,,,,,,,,,71603852,37112721,4073440,19671275,132461288
2022-09-15T00:00:00+02:00,Arrêté quotidien,Bordeaux,132540257,,,,,,,,,,71622997,37172545,4073440,19671275,132540257
2022-09-16T00:00:00+02:00,Arrêté quotidien,Bordeaux,132613073,,,,,,,,,,71638758,37229600,4073440,19671275,132613073
2022-09-17T00:00:00+02:00,Arrêté quotidien,Bordeaux,132686368,,,,,,,,,,71655736,37285917,4073440,19671275,132686368
2022-09-18T00:00:00+02:00,Arrêté quotidien,Bordeaux,132740778,,,,,,,,,,71671581,37324482,4073440,19671275,132740778
2022-09-19T00:00:00+02:00,Arrêté quotidien,Bordeaux,132801735,,,,,,,,,,71688426,37368594,4073440,19671275,132801735
2022-09-20T00:00:00+02:00,Arrêté quotidien,Bordeaux,132885994,,,,,,,,,,71705922,37435357,4073440,19671275,132885994
2022-09-21T00:00:00+02:00,Arrêté quotidien,Bordeaux,132980755,,,,,,,,,,71725799,37510241,4073440,19671275,132980755
2022-09-22T00:00:00+02:00,Arrêté quotidien,Bordeaux,133052525,,,,,,,,,,71745478,37562332,4073440,19671275,133052525
2022-09-23T00:00:00+02:00,Arrêté quotidien,Bordeaux,133127406,,,,,,,,,,71761382,37621309,4073440,19671275,133127406
2022-09-24T00:00:00+02:00,Arrêté quotidien,Bordeaux,133199197,,,,,,,,,,71779814,37674668,4073440,19671275,133199197
2022-09-25T00:00:00+02:00,Arrêté quotidien,Bordeaux,133263880,,,,,,,,,,71796589,37722576,4073440,19671275,133263880
2022-09-26T00:00:00+02:00,Arrêté quotidien,Bordeaux,133329675,,,,,,,,,,71813502,37771458,4073440,19671275,133329675
2022-09-27T00:00:00+02:00,Arrêté quotidien,Bordeaux,133415396,,,,,,,,,,71830427,37840254,4073440,19671275,133415396
2022-09-28T00:00:00+02:00,Arrêté quotidien,Bordeaux,133490825,,,,,,,,,,71846068,37900042,4073440,19671275,133490825
2022-09-29T00:00:00+02:00,Arrêté quotidien,Bordeaux,133559825,,,,,,,,,,71860493,37954617,4073440,19671275,133559825
2022-09-30T00:00:00+02:00,Arrêté quotidien,Bordeaux,133633305,,,,,,,,,,71872292,38016298,4073440,19671275,133633305
2022-10-01T00:00:00+02:00,Arrêté quotidien,Bordeaux,133713289,,,,,,,,,,71887427,38081147,4073440,19671275,133713289
2022-10-02T00:00:00+02:00,Arrêté quotidien,Bordeaux,133772371,,,,,,,,,,71902289,38125367,4073440,19671275,133772371
2022-10-03T00:00:00+02:00,Arrêté quotidien,Bordeaux,133832076,,,,,,,,,,71917234,38170127,4073440,19671275,133832076
2022-10-04T00:00:00+02:00,Arrêté quotidien,Bordeaux,133928930,,,,,,,,,,71931691,38252524,4073440,19671275,133928930
2022-10-05T00:00:00+02:00,Arrêté quotidien,Bordeaux,134013995,,,,,,,,,,71947827,38321453,4073440,19671275,134013995
2022-10-06T00:00:00+02:00,Arrêté quotidien,Bordeaux,134095028,,,,,,,,,,71967727,38382586,4073440,19671275,134095028
2022-10-07T00:00:00+02:00,Arrêté quotidien,Bordeaux,134185114,,,,,,,,,,71983347,38457052,4073440,19671275,134185114
2022-10-08T00:00:00+02:00,Arrêté quotidien,Bordeaux,134267436,,,,,,,,,,71998818,38523903,4073440,19671275,134267436
2022-10-09T00:00:00+02:00,Arrêté quotidien,Bordeaux,134329670,,,,,,,,,,72013279,38571676,4073440,19671275,134329670
2022-10-10T00:00:00+02:00,Arrêté quotidien,Bordeaux,134390157,,,,,,,,,,72027629,38617813,4073440,19671275,134390157
2022-10-11T00:00:00+02:00,Arrêté quotidien,Bordeaux,134476321,,,,,,,,,,72042365,38689241,4073440,19671275,134476321
2022-10-12T00:00:00+02:00,Arrêté quotidien,Bordeaux,134561452,,,,,,,,,,72060123,38756614,4073440,19671275,134561452
2022-10-13T00:00:00+02:00,Arrêté quotidien,Bordeaux,134632710,,,,,,,,,,72076019,38811976,4073440,19671275,134632710
2022-10-14T00:00:00+02:00,Arrêté quotidien,Bordeaux,134718574,,,,,,,,,,72093125,38880734,4073440,19671275,134718574
2022-10-15T00:00:00+02:00,Arrêté quotidien,Bordeaux,134790001,,,,,,,,,,72108961,38936325,4073440,19671275,134790001
2022-10-16T00:00:00+02:00,Arrêté quotidien,Bordeaux,134850761,,,,,,,,,,72123360,38982686,4073440,19671275,134850761
2022-10-17T00:00:00+02:00,Arrêté quotidien,Bordeaux,134912207,,,,,,,,,,72138288,39029204,4073440,19671275,134912207
2022-10-18T00:00:00+02:00,Arrêté quotidien,Bordeaux,135006265,,,,,,,,,,72154980,39106570,4073440,19671275,135006265
2022-10-19T00:00:00+02:00,Arrêté quotidien,Bordeaux,135085935,,,,,,,,,,72170036,39171184,4073440,19671275,135085935
2022-10-20T00:00:00+02:00,Arrêté quotidien,Bordeaux,135162669,,,,,,,,,,72184537,39233417,4073440,19671275,135162669
2022-10-21T00:00:00+02:00,Arrêté quotidien,Bordeaux,135242297,,,,,,,,,,72198306,39299276,4073440,19671275,135242297
2022-10-22T00:00:00+02:00,Arrêté quotidien,Bordeaux,135314945,,,,,,,,,,72214828,39355402,4073440,19671275,135314945
2022-10-23T00:00:00+02:00,Arrêté quotidien,Bordeaux,135383560,,,,,,,,,,72229378,39409467,4073440,19671275,135383560
2022-10-24T00:00:00+02:00,Arrêté quotidien,Bordeaux,135449590,,,,,,,,,,72243635,39461240,4073440,19671275,135449590
2022-10-25T00:00:00+02:00,Arrêté quotidien,Bordeaux,135551910,,,,,,,,,,72258220,39548975,4073440,19671275,135551910
2022-10-26T00:00:00+02:00,Arrêté quotidien,Bordeaux,135651233,,,,,,,,,,72277056,39629462,4073440,19671275,135651233
2022-10-27T00:00:00+02:00,Arrêté quotidien,Bordeaux,135728560,,,,,,,,,,72296849,39686996,4073440,19671275,135728560
2022-10-28T00:00:00+02:00,Arrêté quotidien,Bordeaux,135812376,,,,,,,,,,72312513,39755148,4073440,19671275,135812376
2022-10-29T00:00:00+02:00,Arrêté quotidien,Bordeaux,135891595,,,,,,,,,,72329019,39817861,4073440,19671275,135891595
2022-10-30T00:00:00+02:00,Arrêté quotidien,Bordeaux,135963177,,,,,,,,,,72342849,39875613,4073440,19671275,135963177
2022-10-30T23:00:00+01:00,Arrêté quotidien,Bordeaux,135963177,,,,,,,,,,72342849,39875613,4073440,19671275,135963177
2022-10-31T23:00:00+01:00,Arrêté quotidien,Bordeaux,136032919,,,,,,,,,,72359358,39928846,4073440,19671275,136032919
2022-11-01T23:00:00+01:00,Arrêté quotidien,Bordeaux,136127784,,,,,,,,,,72374646,40008423,4073440,19671275,136127784
2022-11-02T23:00:00+01:00,Arrêté quotidien,Bordeaux,136207663,,,,,,,,,,72374646,40008423,4092858,19731736,136207663
2022-11-03T23:00:00+01:00,Arrêté quotidien,Bordeaux,136294708,,,,,,,,,,72374646,40008423,4111324,19800315,136294708
2022-11-04T23:00:00+01:00,Arrêté quotidien,Bordeaux,136379695,,,,,,,,,,72374646,40008423,4124436,19872190,136379695
2022-11-05T23:00:00+01:00,Arrêté quotidien,Bordeaux,136455980,,,,,,,,,,72374646,40008423,4140685,19932226,136455980
2022-11-06T23:00:00+01:00,Arrêté quotidien,Bordeaux,136507623,,,,,,,,,,72374646,40008423,4154738,19969816,136507623
2022-11-07T23:00:00+01:00,Arrêté quotidien,Bordeaux,136547843,,,,,,,,,,72374646,40008423,4169155,19995619,136547843
2022-11-08T23:00:00+01:00,Arrêté quotidien,Bordeaux,136634078,,,,,,,,,,72374646,40008423,4185468,20065541,136634078
2022-11-09T23:00:00+01:00,Arrêté quotidien,Bordeaux,136730855,,,,,,,,,,72374646,40008423,4205051,20142735,136730855
2022-11-10T23:00:00+01:00,Arrêté quotidien,Bordeaux,136826015,,,,,,,,,,72374646,40008423,4223738,20219208,136826015
2022-11-11T23:00:00+01:00,Arrêté quotidien,Bordeaux,136902039,,,,,,,,,,72374646,40008423,4236408,20282562,136902039
2022-11-12T23:00:00+01:00,Arrêté quotidien,Bordeaux,136962284,,,,,,,,,,72374646,40008423,4251954,20327261,136962284
2022-11-13T23:00:00+01:00,Arrêté quotidien,Bordeaux,137021252,,,,,,,,,,72374646,40008423,4266443,20371740,137021252
2022-11-14T23:00:00+01:00,Arrêté quotidien,Bordeaux,137079482,,,,,,,,,,72374646,40008423,4281724,20414689,137079482
2022-11-15T23:00:00+01:00,Arrêté quotidien,Bordeaux,137170871,,,,,,,,,,72374646,40008423,4297215,20490587,137170871
2022-11-16T23:00:00+01:00,Arrêté quotidien,Bordeaux,137263599,,,,,,,,,,72374646,40008423,4316359,20564171,137263599
2022-11-17T23:00:00+01:00,Arrêté quotidien,Bordeaux,137351210,,,,,,,,,,72374646,40008423,4334244,20633897,137351210
2022-11-18T23:00:00+01:00,Arrêté quotidien,Bordeaux,137432548,,,,,,,,,,72374646,40008423,4347140,20702339,137432548
2022-11-19T23:00:00+01:00,Arrêté quotidien,Bordeaux,137503878,,,,,,,,,,72374646,40008423,4362487,20758322,137503878
2022-11-20T23:00:00+01:00,Arrêté quotidien,Bordeaux,137563921,,,,,,,,,,72374646,40008423,4377207,20803645,137563921
2022-11-21T23:00:00+01:00,Arrêté quotidien,Bordeaux,137617829,,,,,,,,,,72374646,40008423,4393225,20841535,137617829
2022-11-22T23:00:00+01:00,Arrêté quotidien,Bordeaux,137706289,,,,,,,,,,72374646,40008423,4408962,20914258,137706289
2022-11-23T23:00:00+01:00,Arrêté quotidien,Bordeaux,137804728,,,,,,,,,,72374646,40008423,4429066,20992593,137804728
2022-11-24T23:00:00+01:00,Arrêté quotidien,Bordeaux,137887442,,,,,,,,,,72374646,40008423,4446814,21057559,137887442
2022-11-25T23:00:00+01:00,Arrêté quotidien,Bordeaux,137968931,,,,,,,,,,72374646,40008423,4459852,21126010,137968931
2022-11-26T23:00:00+01:00,Arrêté quotidien,Bordeaux,138050762,,,,,,,,,,72374646,40008423,4476931,21190762,138050762
2022-11-27T23:00:00+01:00,Arrêté quotidien,Bordeaux,138116365,,,,,,,,,,72374646,40008423,4492615,21240681,138116365
2022-11-28T23:00:00+01:00,Arrêté quotidien,Bordeaux,138174269,,,,,,,,,,72374646,40008423,4507871,21283329,138174269
2022-11-29T23:00:00+01:00,Arrêté quotidien,Bordeaux,138270126,,,,,,,,,,72374646,40008423,4522876,21364181,138270126
2022-11-30T23:00:00+01:00,Arrêté quotidien,Bordeaux,138363642,,,,,,,,,,72374646,40008423,4538893,21441680,138363642
2022-12-01T23:00:00+01:00,Arrêté quotidien,Bordeaux,138438417,,,,,,,,,,72374646,40008423,4556376,21498972,138438417
2022-12-02T23:00:00+01:00,Arrêté quotidien,Bordeaux,138537087,,,,,,,,,,72374646,40008423,4573439,21580579,138537087
2022-12-03T23:00:00+01:00,Arrêté quotidien,Bordeaux,138623444,,,,,,,,,,72374646,40008423,4592893,21647482,138623444
2022-12-04T23:00:00+01:00,Arrêté quotidien,Bordeaux,138686567,,,,,,,,,,72374646,40008423,4608813,21694685,138686567
2022-12-05T23:00:00+01:00,Arrêté quotidien,Bordeaux,138747105,,,,,,,,,,72374646,40008423,4624237,21739799,138747105
2022-12-06T23:00:00+01:00,Arrêté quotidien,Bordeaux,138850582,,,,,,,,,,72374646,40008423,4641448,21826065,138850582
2022-12-07T23:00:00+01:00,Arrêté quotidien,Bordeaux,138948987,,,,,,,,,,72374646,40008423,4660364,21905554,138948987
2022-12-08T23:00:00+01:00,Arrêté quotidien,Bordeaux,139033137,,,,,,,,,,72374646,40008423,4679349,21970719,139033137
2022-12-09T23:00:00+01:00,Arrêté quotidien,Bordeaux,139122406,,,,,,,,,,72374646,40008423,4696770,22042567,139122406
2022-12-10T23:00:00+01:00,Arrêté quotidien,Bordeaux,139198657,,,,,,,,,,72374646,40008423,4714816,22100772,139198657
2022-12-11T23:00:00+01:00,Arrêté quotidien,Bordeaux,139248479,,,,,,,,,,72374646,40008423,4730551,22134859,139248479
2022-12-12T23:00:00+01:00,Arrêté quotidien,Bordeaux,139290399,,,,,,,,,,72374646,40008423,4741507,22165823,139290399
2022-12-13T23:00:00+01:00,Arrêté quotidien,Bordeaux,139376480,,,,,,,,,,72374646,40008423,4753070,22240341,139376480
2022-12-14T23:00:00+01:00,Arrêté quotidien,Bordeaux,139464650,,,,,,,,,,72374646,40008423,4768158,22313423,139464650
2022-12-15T23:00:00+01:00,Arrêté quotidien,Bordeaux,139555503,,,,,,,,,,72374646,40008423,4786048,22386386,139555503
2022-12-16T23:00:00+01:00,Arrêté quotidien,Bordeaux,139647054,,,,,,,,,,72374646,40008423,4801157,22462828,139647054
2022-12-17T23:00:00+01:00,Arrêté quotidien,Bordeaux,139726152,,,,,,,,,,72374646,40008423,4815600,22527483,139726152
2022-12-18T23:00:00+01:00,Arrêté quotidien,Bordeaux,139788984,,,,,,,,,,72374646,40008423,4828299,22577616,139788984
2022-12-19T23:00:00+01:00,Arrêté quotidien,Bordeaux,139854079,,,,,,,,,,72374646,40008423,4842146,22628864,139854079
2022-12-20T23:00:00+01:00,Arrêté quotidien,Bordeaux,139950336,,,,,,,,,,72374646,40008423,4857770,22709497,139950336
2022-12-21T23:00:00+01:00,Arrêté quotidien,Bordeaux,140052034,,,,,,,,,,72374646,40008423,4877310,22791655,140052034
2022-12-22T23:00:00+01:00,Arrêté quotidien,Bordeaux,140136565,,,,,,,,,,72374646,40008423,4897936,22855560,140136565
2022-12-23T23:00:00+01:00,Arrêté quotidien,Bordeaux,140219769,,,,,,,,,,72374646,40008423,4912191,22924509,140219769
2022-12-24T23:00:00+01:00,Arrêté quotidien,Bordeaux,140298637,,,,,,,,,,72374646,40008423,4929134,22986434,140298637
2022-12-25T23:00:00+01:00,Arrêté quotidien,Bordeaux,140354574,,,,,,,,,,72374646,40008423,4944067,23027438,140354574
2022-12-26T23:00:00+01:00,Arrêté quotidien,Bordeaux,140409045,,,,,,,,,,72374646,40008423,4958687,23067289,140409045
2022-12-27T23:00:00+01:00,Arrêté quotidien,Bordeaux,140483246,,,,,,,,,,72374646,40008423,4974010,23126167,140483246
2022-12-28T23:00:00+01:00,Arrêté quotidien,Bordeaux,140561968,,,,,,,,,,72374646,40008423,4990835,23188064,140561968
2022-12-29T23:00:00+01:00,Arrêté quotidien,Bordeaux,140641178,,,,,,,,,,72374646,40008423,5007561,23250548,140641178
2022-12-30T23:00:00+01:00,Arrêté quotidien,Bordeaux,140712550,,,,,,,,,,72374646,40008423,5021122,23308359,140712550
2022-12-31T23:00:00+01:00,Arrêté quotidien,Bordeaux,140790916,,,,,,,,,,72374646,40008423,5038203,23369644,140790916
2023-01-01T23:00:00+01:00,Arrêté quotidien,Bordeaux,140850696,,,,,,,,,,72374646,40008423,5053011,23414616,140850696
2023-01-02T23:00:00+01:00,Arrêté quotidien,Bordeaux,140909218,,,,,,,,,,72374646,40008423,5067936,23458213,140909218
2023-01-03T23:00:00+01:00,Arrêté quotidien,Bordeaux,140993766,,,,,,,,,,72374646,40008423,5083057,23527640,140993766
2023-01-04T23:00:00+01:00,Arrêté quotidien,Bordeaux,141083809,,,,,,,,,,72374646,40008423,5100554,23600186,141083809
2023-01-05T23:00:00+01:00,Arrêté quotidien,Bordeaux,141167043,,,,,,,,,,72374646,40008423,5118050,23665924,141167043
2023-01-06T23:00:00+01:00,Arrêté quotidien,Bordeaux,141255129,,,,,,,,,,72374646,40008423,5132522,23739538,141255129
2023-01-07T23:00:00+01:00,Arrêté quotidien,Bordeaux,141339394,,,,,,,,,,72374646,40008423,5149798,23806527,141339394
2023-01-08T23:00:00+01:00,Arrêté quotidien,Bordeaux,141399101,,,,,,,,,,72374646,40008423,5165066,23850966,141399101
2023-01-09T23:00:00+01:00,Arrêté quotidien,Bordeaux,141455989,,,,,,,,,,72374646,40008423,5179675,23893245,141455989
2023-01-10T23:00:00+01:00,Arrêté quotidien,Bordeaux,141557780,,,,,,,,,,72374646,40008423,5195184,23979527,141557780
2023-01-11T23:00:00+01:00,Arrêté quotidien,Bordeaux,141654408,,,,,,,,,,72374646,40008423,5213590,24057749,141654408
2023-01-12T23:00:00+01:00,Arrêté quotidien,Bordeaux,141737107,,,,,,,,,,72374646,40008423,5230316,24123722,141737107
2023-01-13T23:00:00+01:00,Arrêté quotidien,Bordeaux,141826752,,,,,,,,,,72374646,40008423,5247145,24196538,141826752
2023-01-14T23:00:00+01:00,Arrêté quotidien,Bordeaux,141909002,,,,,,,,,,72374646,40008423,5264776,24261157,141909002
2023-01-15T23:00:00+01:00,Arrêté quotidien,Bordeaux,141971462,,,,,,,,,,72374646,40008423,5279979,24308414,141971462
2023-01-16T23:00:00+01:00,Arrêté quotidien,Bordeaux,142029483,,,,,,,,,,72374646,40008423,5295639,24350775,142029483
2023-01-17T23:00:00+01:00,Arrêté quotidien,Bordeaux,142127435,,,,,,,,,,72374646,40008423,5311722,24432644,142127435
2023-01-18T23:00:00+01:00,Arrêté quotidien,Bordeaux,142218323,,,,,,,,,,72374646,40008423,5328943,24506311,142218323
2023-01-19T23:00:00+01:00,Arrêté quotidien,Bordeaux,142307455,,,,,,,,,,72374646,40008423,5345944,24578442,142307455
2023-01-20T23:00:00+01:00,Arrêté quotidien,Bordeaux,142389294,,,,,,,,,,72374646,40008423,5360297,24645928,142389294
2023-01-21T23:00:00+01:00,Arrêté quotidien,Bordeaux,142476726,,,,,,,,,,72374646,40008423,5378785,24714872,142476726
2023-01-22T23:00:00+01:00,Arrêté quotidien,Bordeaux,142539557,,,,,,,,,,72374646,40008423,5394774,24761714,142539557
2023-01-23T23:00:00+01:00,Arrêté quotidien,Bordeaux,142599021,,,,,,,,,,72374646,40008423,5407801,24808151,142599021
2023-01-24T23:00:00+01:00,Arrêté quotidien,Bordeaux,142691741,,,,,,,,,,72374646,40008423,5420928,24887744,142691741
2023-01-25T23:00:00+01:00,Arrêté quotidien,Bordeaux,142808214,,,,,,,,,,72374646,40008423,5444562,24980583,142808214
2023-01-26T23:00:00+01:00,Arrêté quotidien,Bordeaux,142899225,,,,,,,,,,72374646,40008423,5469708,25046448,142899225
2023-01-27T23:00:00+01:00,Arrêté quotidien,Bordeaux,142990253,,,,,,,,,,72374646,40008423,5484619,25122565,142990253
2023-01-28T23:00:00+01:00,Arrêté quotidien,Bordeaux,143089003,,,,,,,,,,72374646,40008423,5503179,25202755,143089003
2023-01-29T23:00:00+01:00,Arrêté quotidien,Bordeaux,143150672,,,,,,,,,,72374646,40008423,5519154,25248449,143150672
2023-01-30T23:00:00+01:00,Arrêté quotidien,Bordeaux,143208181,,,,,,,,,,72374646,40008423,5533158,25291954,143208181
2023-01-31T23:00:00+01:00,Arrêté quotidien,Bordeaux,143309504,,,,,,,,,,72374646,40008423,5549668,25376767,143309504
2023-02-01T23:00:00+01:00,Arrêté quotidien,Bordeaux,143396216,,,,,,,,,,72374646,40008423,5568092,25445055,143396216
2023-02-02T23:00:00+01:00,Arrêté quotidien,Bordeaux,143487342,,,,,,,,,,72374646,40008423,5588142,25516131,143487342
2023-02-03T23:00:00+01:00,Arrêté quotidien,Bordeaux,143580143,,,,,,,,,,72374646,40008423,5604133,25592941,143580143
2023-02-04T23:00:00+01:00,Arrêté quotidien,Bordeaux,143661133,,,,,,,,,,72374646,40008423,5620047,25658017,143661133
2023-02-05T23:00:00+01:00,Arrêté quotidien,Bordeaux,143715079,,,,,,,,,,72374646,40008423,5635518,25696492,143715079
2023-02-06T23:00:00+01:00,Arrêté quotidien,Bordeaux,143766064,,,,,,,,,,72374646,40008423,5650341,25732654,143766064
2023-02-07T23:00:00+01:00,Arrêté quotidien,Bordeaux,143857164,,,,,,,,,,72374646,40008423,5665852,25808243,143857164
2023-02-08T23:00:00+01:00,Arrêté quotidien,Bordeaux,143942832,,,,,,,,,,72374646,40008423,5683566,25876197,143942832
2023-02-09T23:00:00+01:00,Arrêté quotidien,Bordeaux,144025386,,,,,,,,,,72374646,40008423,5701543,25940774,144025386
2023-02-10T23:00:00+01:00,Arrêté quotidien,Bordeaux,144116042,,,,,,,,,,72374646,40008423,5718130,26014843,144116042
2023-02-11T23:00:00+01:00,Arrêté quotidien,Bordeaux,144202913,,,,,,,,,,72374646,40008423,5738125,26081719,144202913
2023-02-12T23:00:00+01:00,Arrêté quotidien,Bordeaux,144259884,,,,,,,,,,72374646,40008423,5753981,26122834,144259884
2023-02-13T23:00:00+01:00,Arrêté quotidien,Bordeaux,144311891,,,,,,,,,,72374646,40008423,5769437,26159385,144311891
2023-02-14T23:00:00+01:00,Arrêté quotidien,Bordeaux,144412576,,,,,,,,,,72374646,40008423,5785437,26244070,144412576
2023-02-15T23:00:00+01:00,Arrêté quotidien,Bordeaux,144505213,,,,,,,,,,72374646,40008423,5802413,26319731,144505213
2023-02-16T23:00:00+01:00,Arrêté quotidien,Bordeaux,144585979,,,,,,,,,,72374646,40008423,5818523,26384387,144585979
2023-02-17T23:00:00+01:00,Arrêté quotidien,Bordeaux,144673953,,,,,,,,,,72374646,40008423,5835500,26455384,144673953
2023-02-18T23:00:00+01:00,Arrêté quotidien,Bordeaux,144758264,,,,,,,,,,72374646,40008423,5855836,26519359,144758264
2023-02-19T23:00:00+01:00,Arrêté quotidien,Bordeaux,144824928,,,,,,,,,,72374646,40008423,5872123,26569736,144824928
2023-02-20T23:00:00+01:00,Arrêté quotidien,Bordeaux,144882140,,,,,,,,,,72374646,40008423,5889322,26609749,144882140
2023-02-21T23:00:00+01:00,Arrêté quotidien,Bordeaux,144977094,,,,,,,,,,72374646,40008423,5905747,26688278,144977094
2023-02-22T23:00:00+01:00,Arrêté quotidien,Bordeaux,145066720,,,,,,,,,,72374646,40008423,5923180,26760471,145066720
2023-02-23T23:00:00+01:00,Arrêté quotidien,Bordeaux,145148317,,,,,,,,,,72374646,40008423,5939083,26826165,145148317
2023-02-24T23:00:00+01:00,Arrêté quotidien,Bordeaux,145234007,,,,,,,,,,72374646,40008423,5952756,26898182,145234007
2023-02-25T23:00:00+01:00,Arrêté quotidien,Bordeaux,145309667,,,,,,,,,,72374646,40008423,5969336,26957262,145309667
2023-02-26T23:00:00+01:00,Arrêté quotidien,Bordeaux,145364499,,,,,,,,,,72374646,40008423,5984602,26996828,145364499
2023-02-27T23:00:00+01:00,Arrêté quotidien,Bordeaux,145417462,,,,,,,,,,72374646,40008423,6000161,27034232,145417462
2023-02-28T23:00:00+01:00,Arrêté quotidien,Bordeaux,145511983,,,,,,,,,,72374646,40008423,6016113,27112801,145511983
2023-03-01T23:00:00+01:00,Arrêté quotidien,Bordeaux,145600734,,,,,,,,,,72374646,40008423,6033079,27184586,145600734
2023-03-02T23:00:00+01:00,Arrêté quotidien,Bordeaux,145683582,,,,,,,,,,72374646,40008423,6048256,27252257,145683582
2023-03-03T23:00:00+01:00,Arrêté quotidien,Bordeaux,145766686,,,,,,,,,,72374646,40008423,6063686,27319931,145766686
2023-03-04T23:00:00+01:00,Arrêté quotidien,Bordeaux,145848170,,,,,,,,,,72374646,40008423,6081358,27383743,145848170
2023-03-05T23:00:00+01:00,Arrêté quotidien,Bordeaux,145925514,,,,,,,,,,72374646,40008423,6096810,27445635,145925514
2023-03-06T23:00:00+01:00,Arrêté quotidien,Bordeaux,146004710,,,,,,,,,,72374646,40008423,6114317,27507324,146004710
2023-03-07T23:00:00+01:00,Arrêté quotidien,Bordeaux,146123057,,,,,,,,,,72374646,40008423,6138951,27601037,146123057
2023-03-08T23:00:00+01:00,Arrêté quotidien,Bordeaux,146206773,,,,,,,,,,72374646,40008423,6156415,27667289,146206773
2023-03-09T23:00:00+01:00,Arrêté quotidien,Bordeaux,146293901,,,,,,,,,,72374646,40008423,6173394,27737438,146293901
2023-03-10T23:00:00+01:00,Arrêté quotidien,Bordeaux,146378389,,,,,,,,,,72374646,40008423,6189791,27805529,146378389
2023-03-11T23:00:00+01:00,Arrêté quotidien,Bordeaux,146456002,,,,,,,,,,72374646,40008423,6207107,27865826,146456002
2023-03-12T23:00:00+01:00,Arrêté quotidien,Bordeaux,146512166,,,,,,,,,,72374646,40008423,6222955,27906142,146512166
2023-03-13T23:00:00+01:00,Arrêté quotidien,Bordeaux,146565327,,,,,,,,,,72374646,40008423,6238778,27943480,146565327
2023-03-14T23:00:00+01:00,Arrêté quotidien,Bordeaux,146662874,,,,,,,,,,72374646,40008423,6254552,28025253,146662874
2023-03-15T23:00:00+01:00,Arrêté quotidien,Bordeaux,146755597,,,,,,,,,,72374646,40008423,6274178,28098350,146755597
2023-03-16T23:00:00+01:00,Arrêté quotidien,Bordeaux,146847392,,,,,,,,,,72374646,40008423,6293540,28170783,146847392
2023-03-17T23:00:00+01:00,Arrêté quotidien,Bordeaux,146929504,,,,,,,,,,72374646,40008423,6312117,28234318,146929504
2023-03-18T23:00:00+01:00,Arrêté quotidien,Bordeaux,147007770,,,,,,,,,,72374646,40008423,6328338,28296363,147007770
2023-03-19T23:00:00+01:00,Arrêté quotidien,Bordeaux,147078064,,,,,,,,,,72374646,40008423,6342968,28352027,147078064
2023-03-20T23:00:00+01:00,Arrêté quotidien,Bordeaux,147149376,,,,,,,,,,72374646,40008423,6358199,28408108,147149376
2023-03-21T23:00:00+01:00,Arrêté quotidien,Bordeaux,147240961,,,,,,,,,,72374646,40008423,6373913,28483979,147240961
2023-03-22T23:00:00+01:00,Arrêté quotidien,Bordeaux,147328907,,,,,,,,,,72374646,40008423,6391036,28554802,147328907
2023-03-23T23:00:00+01:00,Arrêté quotidien,Bordeaux,147411159,,,,,,,,,,72374646,40008423,6407603,28620487,147411159
2023-03-24T23:00:00+01:00,Arrêté quotidien,Bordeaux,147492291,,,,,,,,,,72374646,40008423,6420366,28688856,147492291
2023-03-25T23:00:00+01:00,Arrêté quotidien,Bordeaux,147569027,,,,,,,,,,72374646,40008423,6437275,28748683,147569027
2023-03-27T00:00:00+02:00,Arrêté quotidien,Bordeaux,147672073,,,,,,,,,,72374646,40008423,6465227,28823777,147672073
2023-03-28T00:00:00+02:00,Arrêté quotidien,Bordeaux,147758843,,,,,,,,,,72374646,40008423,6480536,28895238,147758843
2023-03-29T00:00:00+02:00,Arrêté quotidien,Bordeaux,147849787,,,,,,,,,,72374646,40008423,6498452,28968266,147849787